{
    "loss": 0.7437184453010559,
    "accuracy": 0.6153846383094788
}