{
    "loss": 0.3347671329975128,
    "accuracy": 0.807692289352417
}