{
    "loss": 0.25904104113578796,
    "accuracy": 0.9358974099159241
}